Date,puzzle_number,word,Vowel_Count,Consonant_Count,Repeated_Letters,First_Letter
6/19/2021,0,CIGAR,2,3,No,C
6/20/2021,1,REBUT,2,3,No,R
6/21/2021,2,SISSY,1,4,Yes,S
6/22/2021,3,HUMPH,1,4,Yes,H
6/23/2021,4,AWAKE,3,2,Yes,A
6/24/2021,5,BLUSH,1,4,No,B
6/25/2021,6,FOCAL,2,3,No,F
6/26/2021,7,EVADE,3,2,Yes,E
6/27/2021,8,NAVAL,2,3,Yes,N
6/28/2021,9,SERVE,2,3,Yes,S
6/29/2021,10,HEATH,2,3,Yes,H
6/30/2021,11,DWARF,1,4,No,D
7/1/2021,12,MODEL,2,3,No,M
7/2/2021,13,KARMA,2,3,Yes,K
7/3/2021,14,STINK,1,4,No,S
7/4/2021,15,GRADE,2,3,No,G
7/5/2021,16,QUIET,3,2,No,Q
7/6/2021,17,BENCH,1,4,No,B
7/7/2021,18,ABATE,3,2,Yes,A
7/8/2021,19,FEIGN,2,3,No,F
7/9/2021,20,MAJOR,2,3,No,M
7/10/2021,21,DEATH,2,3,No,D
7/11/2021,22,FRESH,1,4,No,F
7/12/2021,23,CRUST,1,4,No,C
7/13/2021,24,STOOL,2,3,Yes,S
7/14/2021,25,COLON,2,3,Yes,C
7/15/2021,26,ABASE,3,2,Yes,A
7/16/2021,27,MARRY,1,4,Yes,M
7/17/2021,28,REACT,2,3,No,R
7/18/2021,29,BATTY,1,4,Yes,B
7/19/2021,30,PRIDE,2,3,No,P
7/20/2021,31,FLOSS,1,4,Yes,F
7/21/2021,32,HELIX,2,3,No,H
7/22/2021,33,CROAK,2,3,No,C
7/23/2021,34,STAFF,1,4,Yes,S
7/24/2021,35,PAPER,2,3,Yes,P
7/25/2021,36,UNFED,2,3,No,U
7/26/2021,37,WHELP,1,4,No,W
7/27/2021,38,TRAWL,1,4,No,T
7/28/2021,39,OUTDO,3,2,Yes,O
7/29/2021,40,ADOBE,3,2,No,A
7/30/2021,41,CRAZY,1,4,No,C
7/31/2021,42,SOWER,2,3,No,S
8/1/2021,43,REPAY,2,3,No,R
8/2/2021,44,DIGIT,2,3,Yes,D
8/3/2021,45,CRATE,2,3,No,C
8/4/2021,46,CLUCK,1,4,Yes,C
8/5/2021,47,SPIKE,2,3,No,S
8/6/2021,48,MIMIC,2,3,Yes,M
8/7/2021,49,POUND,2,3,No,P
8/8/2021,50,MAXIM,2,3,Yes,M
8/9/2021,51,LINEN,2,3,Yes,L
8/10/2021,52,UNMET,2,3,No,U
8/11/2021,53,FLESH,1,4,No,F
8/12/2021,54,BOOBY,2,3,Yes,B
8/13/2021,55,FORTH,1,4,No,F
8/14/2021,56,FIRST,1,4,No,F
8/15/2021,57,STAND,1,4,No,S
8/16/2021,58,BELLY,1,4,Yes,B
8/17/2021,59,IVORY,2,3,No,I
8/18/2021,60,SEEDY,2,3,Yes,S
8/19/2021,61,PRINT,1,4,No,P
8/20/2021,62,YEARN,2,3,No,Y
8/21/2021,63,DRAIN,2,3,No,D
8/22/2021,64,BRIBE,2,3,Yes,B
8/23/2021,65,STOUT,2,3,Yes,S
8/24/2021,66,PANEL,2,3,No,P
8/25/2021,67,CRASS,1,4,Yes,C
8/26/2021,68,FLUME,2,3,No,F
8/27/2021,69,OFFAL,2,3,Yes,O
8/28/2021,70,AGREE,3,2,Yes,A
8/29/2021,71,ERROR,2,3,Yes,E
8/30/2021,72,SWIRL,1,4,No,S
8/31/2021,73,ARGUE,3,2,No,A
9/1/2021,74,BLEED,2,3,Yes,B
9/2/2021,75,DELTA,2,3,No,D
9/3/2021,76,FLICK,1,4,No,F
9/4/2021,77,TOTEM,2,3,Yes,T
9/5/2021,78,WOOER,3,2,Yes,W
9/6/2021,79,FRONT,1,4,No,F
9/7/2021,80,SHRUB,1,4,No,S
9/8/2021,81,PARRY,1,4,Yes,P
9/9/2021,82,BIOME,3,2,No,B
9/10/2021,83,LAPEL,2,3,Yes,L
9/11/2021,84,START,1,4,Yes,S
9/12/2021,85,GREET,2,3,Yes,G
9/13/2021,86,GONER,2,3,No,G
9/14/2021,87,GOLEM,2,3,No,G
9/15/2021,88,LUSTY,1,4,No,L
9/16/2021,89,LOOPY,2,3,Yes,L
9/17/2021,90,ROUND,2,3,No,R
9/18/2021,91,AUDIT,3,2,No,A
9/19/2021,92,LYING,1,4,No,L
9/20/2021,93,GAMMA,2,3,Yes,G
9/21/2021,94,LABOR,2,3,No,L
9/22/2021,95,ISLET,2,3,No,I
9/23/2021,96,CIVIC,2,3,Yes,C
9/24/2021,97,FORGE,2,3,No,F
9/25/2021,98,CORNY,1,4,No,C
9/26/2021,99,MOULT,2,3,No,M
9/27/2021,100,BASIC,2,3,No,B
9/28/2021,101,SALAD,2,3,Yes,S
9/29/2021,102,AGATE,3,2,Yes,A
9/30/2021,103,SPICY,1,4,No,S
10/1/2021,104,SPRAY,1,4,No,S
10/2/2021,105,ESSAY,2,3,Yes,E
10/3/2021,106,FJORD,1,4,No,F
10/4/2021,107,SPEND,1,4,No,S
10/5/2021,108,KEBAB,2,3,Yes,K
10/6/2021,109,GUILD,2,3,No,G
10/7/2021,110,ABACK,2,3,Yes,A
10/8/2021,111,MOTOR,2,3,Yes,M
10/9/2021,112,ALONE,3,2,No,A
10/10/2021,113,HATCH,1,4,Yes,H
10/11/2021,114,HYPER,1,4,No,H
10/12/2021,115,THUMB,1,4,No,T
10/13/2021,116,DOWRY,1,4,No,D
10/14/2021,117,OUGHT,2,3,No,O
10/15/2021,118,BELCH,1,4,No,B
10/16/2021,119,DUTCH,1,4,No,D
10/17/2021,120,PILOT,2,3,No,P
10/18/2021,121,TWEED,2,3,Yes,T
10/19/2021,122,COMET,2,3,No,C
10/20/2021,123,JAUNT,2,3,No,J
10/21/2021,124,ENEMA,3,2,Yes,E
10/22/2021,125,STEED,2,3,Yes,S
10/23/2021,126,ABYSS,1,4,Yes,A
10/24/2021,127,GROWL,1,4,No,G
10/25/2021,128,FLING,1,4,No,F
10/26/2021,129,DOZEN,2,3,No,D
10/27/2021,130,BOOZY,2,3,Yes,B
10/28/2021,131,ERODE,3,2,Yes,E
10/29/2021,132,WORLD,1,4,No,W
10/30/2021,133,GOUGE,3,2,Yes,G
10/31/2021,134,CLICK,1,4,Yes,C
11/1/2021,135,BRIAR,2,3,Yes,B
11/2/2021,136,GREAT,2,3,No,G
11/3/2021,137,ALTAR,2,3,Yes,A
11/4/2021,138,PULPY,1,4,Yes,P
11/5/2021,139,BLURT,1,4,No,B
11/6/2021,140,COAST,2,3,No,C
11/7/2021,141,DUCHY,1,4,No,D
11/8/2021,142,GROIN,2,3,No,G
11/9/2021,143,FIXER,2,3,No,F
11/10/2021,144,GROUP,2,3,No,G
11/11/2021,145,ROGUE,3,2,No,R
11/12/2021,146,BADLY,1,4,No,B
11/13/2021,147,SMART,1,4,No,S
11/14/2021,148,PITHY,1,4,No,P
11/15/2021,149,GAUDY,2,3,No,G
11/16/2021,150,CHILL,1,4,Yes,C
11/17/2021,151,HERON,2,3,No,H
11/18/2021,152,VODKA,2,3,No,V
11/19/2021,153,FINER,2,3,No,F
11/20/2021,154,SURER,2,3,Yes,S
11/21/2021,155,RADIO,3,2,No,R
11/22/2021,156,ROUGE,3,2,No,R
11/23/2021,157,PERCH,1,4,No,P
11/24/2021,158,RETCH,1,4,No,R
11/25/2021,159,WROTE,2,3,No,W
11/26/2021,160,CLOCK,1,4,Yes,C
11/27/2021,161,TILDE,2,3,No,T
11/28/2021,162,STORE,2,3,No,S
11/29/2021,163,PROVE,2,3,No,P
11/30/2021,164,BRING,1,4,No,B
12/1/2021,165,SOLVE,2,3,No,S
12/2/2021,166,CHEAT,2,3,No,C
12/3/2021,167,GRIME,2,3,No,G
12/4/2021,168,EXULT,2,3,No,E
12/5/2021,169,USHER,2,3,No,U
12/6/2021,170,EPOCH,2,3,No,E
12/7/2021,171,TRIAD,2,3,No,T
12/8/2021,172,BREAK,2,3,No,B
12/9/2021,173,RHINO,2,3,No,R
12/10/2021,174,VIRAL,2,3,No,V
12/11/2021,175,CONIC,2,3,Yes,C
12/12/2021,176,MASSE,2,3,Yes,M
12/13/2021,177,SONIC,2,3,No,S
12/14/2021,178,VITAL,2,3,No,V
12/15/2021,179,TRACE,2,3,No,T
12/16/2021,180,USING,2,3,No,U
12/17/2021,181,PEACH,2,3,No,P
12/18/2021,182,CHAMP,1,4,No,C
12/19/2021,183,BATON,2,3,No,B
12/20/2021,184,BRAKE,2,3,No,B
12/21/2021,185,PLUCK,1,4,No,P
12/22/2021,186,CRAZE,2,3,No,C
12/23/2021,187,GRIPE,2,3,No,G
12/24/2021,188,WEARY,2,3,No,W
12/25/2021,189,PICKY,1,4,No,P
12/26/2021,190,ACUTE,3,2,No,A
12/27/2021,191,FERRY,1,4,Yes,F
12/28/2021,192,ASIDE,3,2,No,A
12/29/2021,193,TAPIR,2,3,No,T
12/30/2021,194,TROLL,1,4,Yes,T
12/31/2021,195,UNIFY,2,3,No,U
1/1/2022,196,REBUS,2,3,No,R
1/2/2022,197,BOOST,2,3,Yes,B
1/3/2022,198,TRUSS,1,4,Yes,T
1/4/2022,199,SIEGE,3,2,Yes,S
1/5/2022,200,TIGER,2,3,No,T
1/6/2022,201,BANAL,2,3,Yes,B
1/7/2022,202,SLUMP,1,4,No,S
1/8/2022,203,CRANK,1,4,No,C
1/9/2022,204,GORGE,2,3,Yes,G
1/10/2022,205,QUERY,2,3,No,Q
1/11/2022,206,DRINK,1,4,No,D
1/12/2022,207,FAVOR,2,3,No,F
1/13/2022,208,ABBEY,2,3,Yes,A
1/14/2022,209,TANGY,1,4,No,T
1/15/2022,210,PANIC,2,3,No,P
1/16/2022,211,SOLAR,2,3,No,S
1/17/2022,212,SHIRE,2,3,No,S
1/18/2022,213,PROXY,1,4,No,P
1/19/2022,214,POINT,2,3,No,P
1/20/2022,215,ROBOT,2,3,Yes,R
1/21/2022,216,PRICK,1,4,No,P
1/22/2022,217,WINCE,2,3,No,W
1/23/2022,218,CRIMP,1,4,No,C
1/24/2022,219,KNOLL,1,4,Yes,K
1/25/2022,220,SUGAR,2,3,No,S
1/26/2022,221,WHACK,1,4,No,W
1/27/2022,222,MOUNT,2,3,No,M
1/28/2022,223,PERKY,1,4,No,P
1/29/2022,224,COULD,2,3,No,C
1/30/2022,225,WRUNG,1,4,No,W
1/31/2022,226,LIGHT,1,4,No,L
2/1/2022,227,THOSE,2,3,No,T
2/2/2022,228,MOIST,2,3,No,M
2/3/2022,229,SHARD,1,4,No,S
2/4/2022,230,PLEAT,2,3,No,P
2/5/2022,231,ALOFT,2,3,No,A
2/6/2022,232,SKILL,1,4,Yes,S
2/7/2022,233,ELDER,2,3,Yes,E
2/8/2022,234,FRAME,2,3,No,F
2/9/2022,235,HUMOR,2,3,No,H
2/10/2022,236,PAUSE,3,2,No,P
2/11/2022,237,ULCER,2,3,No,U
2/12/2022,238,ULTRA,2,3,No,U
2/13/2022,239,ROBIN,2,3,No,R
2/14/2022,240,CYNIC,1,4,Yes,C
2/15/2022,241,AROMA,3,2,Yes,A
2/16/2022,242,CAULK,2,3,No,C
2/17/2022,243,SHAKE,2,3,No,S
2/18/2022,244,DODGE,2,3,Yes,D
2/19/2022,245,SWILL,1,4,Yes,S
2/20/2022,246,TACIT,2,3,Yes,T
2/21/2022,247,OTHER,2,3,No,O
2/22/2022,248,THORN,1,4,No,T
2/23/2022,249,TROVE,2,3,No,T
2/24/2022,250,BLOKE,2,3,No,B
2/25/2022,251,VIVID,2,3,Yes,V
2/26/2022,252,SPILL,1,4,Yes,S
2/27/2022,253,CHANT,1,4,No,C
2/28/2022,254,CHOKE,2,3,No,C
3/1/2022,255,RUPEE,3,2,Yes,R
3/2/2022,256,NASTY,1,4,No,N
3/3/2022,257,MOURN,2,3,No,M
3/4/2022,258,AHEAD,3,2,Yes,A
3/5/2022,259,BRINE,2,3,No,B
3/6/2022,260,CLOTH,1,4,No,C
3/7/2022,261,HOARD,2,3,No,H
3/8/2022,262,SWEET,2,3,Yes,S
3/9/2022,263,MONTH,1,4,No,M
3/10/2022,264,LAPSE,2,3,No,L
3/11/2022,265,WATCH,1,4,No,W
3/12/2022,266,TODAY,2,3,No,T
3/13/2022,267,FOCUS,2,3,No,F
3/14/2022,268,SMELT,1,4,No,S
3/15/2022,269,TEASE,3,2,Yes,T
3/16/2022,270,CATER,2,3,No,C
3/17/2022,271,MOVIE,3,2,No,M
3/18/2022,272,SAUTE,3,2,No,S
3/19/2022,273,ALLOW,2,3,Yes,A
3/20/2022,274,RENEW,2,3,Yes,R
3/21/2022,275,THEIR,2,3,No,T
3/22/2022,276,SLOSH,1,4,Yes,S
3/23/2022,277,PURGE,2,3,No,P
3/24/2022,278,CHEST,1,4,No,C
3/25/2022,279,DEPOT,2,3,No,D
3/26/2022,280,EPOXY,2,3,No,E
3/27/2022,281,NYMPH,0,5,No,N
3/28/2022,282,FOUND,2,3,No,F
3/29/2022,283,SHALL,1,4,Yes,S
3/30/2022,284,STOVE,2,3,No,S
3/31/2022,285,LOWLY,1,4,Yes,L
4/1/2022,286,SNOUT,2,3,No,S
4/2/2022,287,TROPE,2,3,No,T
4/3/2022,288,FEWER,2,3,Yes,F
4/4/2022,289,SHAWL,1,4,No,S
4/5/2022,290,NATAL,2,3,Yes,N
4/6/2022,291,COMMA,2,3,Yes,C
4/7/2022,292,FORAY,2,3,No,F
4/8/2022,293,SCARE,2,3,No,S
4/9/2022,294,STAIR,2,3,No,S
4/10/2022,295,BLACK,1,4,No,B
4/11/2022,296,SQUAD,2,3,No,S
4/12/2022,297,ROYAL,2,3,No,R
4/13/2022,298,CHUNK,1,4,No,C
4/14/2022,299,MINCE,2,3,No,M
4/15/2022,300,SHAME,2,3,No,S
4/16/2022,301,CHEEK,2,3,Yes,C
4/17/2022,302,AMPLE,2,3,No,A
4/18/2022,303,FLAIR,2,3,No,F
4/19/2022,304,FOYER,2,3,No,F
4/20/2022,305,CARGO,2,3,No,C
4/21/2022,306,OXIDE,3,2,No,O
4/22/2022,307,PLANT,1,4,No,P
4/23/2022,308,OLIVE,3,2,No,O
4/24/2022,309,INERT,2,3,No,I
4/25/2022,310,ASKEW,2,3,No,A
4/26/2022,311,HEIST,2,3,No,H
4/27/2022,312,SHOWN,1,4,No,S
4/28/2022,313,ZESTY,1,4,No,Z
4/29/2022,314,TRASH,1,4,No,T
4/30/2022,315,LARVA,2,3,Yes,L
5/1/2022,316,FORGO,2,3,Yes,F
5/2/2022,317,STORY,1,4,No,S
5/3/2022,318,HAIRY,2,3,No,H
5/4/2022,319,TRAIN,2,3,No,T
5/5/2022,320,HOMER,2,3,No,H
5/6/2022,321,BADGE,2,3,No,B
5/7/2022,322,MIDST,1,4,No,M
5/8/2022,323,CANNY,1,4,Yes,C
5/9/2022,324,SHINE,2,3,No,S
5/10/2022,325,GECKO,2,3,No,G
5/11/2022,326,FARCE,2,3,No,F
5/12/2022,327,SLUNG,1,4,No,S
5/13/2022,328,TIPSY,1,4,No,T
5/14/2022,329,METAL,2,3,No,M
5/15/2022,330,YIELD,2,3,No,Y
5/16/2022,331,DELVE,2,3,Yes,D
5/17/2022,332,BEING,2,3,No,B
5/18/2022,333,SCOUR,2,3,No,S
5/19/2022,334,GLASS,1,4,Yes,G
5/20/2022,335,GAMER,2,3,No,G
5/21/2022,336,SCRAP,1,4,No,S
5/22/2022,337,MONEY,2,3,No,M
5/23/2022,338,HINGE,2,3,No,H
5/24/2022,339,ALBUM,2,3,No,A
5/25/2022,340,VOUCH,2,3,No,V
5/26/2022,341,ASSET,2,3,Yes,A
5/27/2022,342,TIARA,3,2,Yes,T
5/28/2022,343,CREPT,1,4,No,C
5/29/2022,344,BAYOU,3,2,No,B
5/30/2022,345,ATOLL,2,3,Yes,A
5/31/2022,346,MANOR,2,3,No,M
6/1/2022,347,CREAK,2,3,No,C
6/2/2022,348,SHOWY,1,4,No,S
6/3/2022,349,PHASE,2,3,No,P
6/4/2022,350,FROTH,1,4,No,F
6/5/2022,351,DEPTH,1,4,No,D
6/6/2022,352,GLOOM,2,3,Yes,G
6/7/2022,353,FLOOD,2,3,Yes,F
6/8/2022,354,TRAIT,2,3,Yes,T
6/9/2022,355,GIRTH,1,4,No,G
6/10/2022,356,PIETY,2,3,No,P
6/11/2022,357,GOOSE,3,2,Yes,G
6/12/2022,358,FLOAT,2,3,No,F
6/13/2022,359,DONOR,2,3,Yes,D
6/14/2022,360,ATONE,3,2,No,A
6/15/2022,361,PRIMO,2,3,No,P
6/16/2022,362,APRON,2,3,No,A
6/17/2022,363,BLOWN,1,4,No,B
6/18/2022,364,CACAO,3,2,Yes,C
6/19/2022,365,LOSER,2,3,No,L
6/20/2022,366,INPUT,2,3,No,I
6/21/2022,367,GLOAT,2,3,No,G
6/22/2022,368,AWFUL,2,3,No,A
6/23/2022,369,BRINK,1,4,No,B
6/24/2022,370,SMITE,2,3,No,S
6/25/2022,371,BEADY,2,3,No,B
6/26/2022,372,RUSTY,1,4,No,R
6/27/2022,373,RETRO,2,3,Yes,R
6/28/2022,374,DROLL,1,4,Yes,D
6/29/2022,375,GAWKY,1,4,No,G
6/30/2022,376,HUTCH,1,4,Yes,H
7/1/2022,377,PINTO,2,3,No,P
7/2/2022,378,EGRET,2,3,Yes,E
7/3/2022,379,LILAC,2,3,Yes,L
7/4/2022,380,SEVER,2,3,Yes,S
7/5/2022,381,FIELD,2,3,No,F
7/6/2022,382,FLUFF,1,4,Yes,F
7/7/2022,383,AGAPE,3,2,Yes,A
7/8/2022,384,VOICE,3,2,No,V
7/9/2022,385,STEAD,2,3,No,S
7/10/2022,386,BERTH,1,4,No,B
7/11/2022,387,MADAM,2,3,Yes,M
7/12/2022,388,NIGHT,1,4,No,N
7/13/2022,389,BLAND,1,4,No,B
7/14/2022,390,LIVER,2,3,No,L
7/15/2022,391,WEDGE,2,3,Yes,W
7/16/2022,392,ROOMY,2,3,Yes,R
7/17/2022,393,WACKY,1,4,No,W
7/18/2022,394,FLOCK,1,4,No,F
7/19/2022,395,ANGRY,1,4,No,A
7/20/2022,396,TRITE,2,3,Yes,T
7/21/2022,397,APHID,2,3,No,A
7/22/2022,398,TRYST,0,5,Yes,T
7/23/2022,399,MIDGE,2,3,No,M
7/24/2022,400,POWER,2,3,No,P
7/25/2022,401,ELOPE,3,2,Yes,E
7/26/2022,402,CINCH,1,4,Yes,C
7/27/2022,403,MOTTO,2,3,Yes,M
7/28/2022,404,STOMP,1,4,No,S
7/29/2022,405,UPSET,2,3,No,U
7/30/2022,406,BLUFF,1,4,Yes,B
7/31/2022,407,CRAMP,1,4,No,C
8/1/2022,408,QUART,2,3,No,Q
8/2/2022,409,COYLY,1,4,Yes,C
8/3/2022,410,YOUTH,2,3,No,Y
8/4/2022,411,RHYME,1,4,No,R
8/5/2022,412,BUGGY,1,4,Yes,B
8/6/2022,413,ALIEN,3,2,No,A
8/7/2022,414,SMEAR,2,3,No,S
8/8/2022,415,UNFIT,2,3,No,U
8/9/2022,416,PATTY,1,4,Yes,P
8/10/2022,417,CLING,1,4,No,C
8/11/2022,418,GLEAN,2,3,No,G
8/12/2022,419,LABEL,2,3,Yes,L
8/13/2022,420,HUNKY,1,4,No,H
8/14/2022,421,KHAKI,2,3,Yes,K
8/15/2022,422,POKER,2,3,No,P
8/16/2022,423,GRUEL,2,3,No,G
8/17/2022,424,TWICE,2,3,No,T
8/18/2022,425,TWANG,1,4,No,T
8/19/2022,426,SHRUG,1,4,No,S
8/20/2022,427,TREAT,2,3,Yes,T
8/21/2022,428,WASTE,2,3,No,W
8/22/2022,429,MERIT,2,3,No,M
8/23/2022,430,WOVEN,2,3,No,W
8/24/2022,431,NEEDY,2,3,Yes,N
8/25/2022,432,CLOWN,1,4,No,C
8/26/2022,433,IRONY,2,3,No,I
8/27/2022,434,RUDER,2,3,Yes,R
8/28/2022,435,GAUZE,3,2,No,G
8/29/2022,436,CHIEF,2,3,No,C
8/30/2022,437,ONSET,2,3,No,O
8/31/2022,438,PRIZE,2,3,No,P
9/1/2022,439,FUNGI,2,3,No,F
9/2/2022,440,CHARM,1,4,No,C
9/3/2022,441,GULLY,1,4,Yes,G
9/4/2022,442,INTER,2,3,No,I
9/5/2022,443,WHOOP,2,3,Yes,W
9/6/2022,444,TAUNT,2,3,Yes,T
9/7/2022,445,LEERY,2,3,Yes,L
9/8/2022,446,CLASS,1,4,Yes,C
9/9/2022,447,THEME,2,3,Yes,T
9/10/2022,448,LOFTY,1,4,No,L
9/11/2022,449,TIBIA,3,2,Yes,T
9/12/2022,450,BOOZE,3,2,Yes,B
9/13/2022,451,ALPHA,2,3,Yes,A
9/14/2022,452,THYME,1,4,No,T
9/15/2022,453,DOUBT,2,3,No,D
9/16/2022,454,PARER,2,3,Yes,P
9/17/2022,455,CHUTE,2,3,No,C
9/18/2022,456,STICK,1,4,No,S
9/19/2022,457,TRICE,2,3,No,T
9/20/2022,458,ALIKE,3,2,No,A
9/21/2022,459,RECAP,2,3,No,R
9/22/2022,460,SAINT,2,3,No,S
9/23/2022,461,GLORY,1,4,No,G
9/24/2022,462,GRATE,2,3,No,G
9/25/2022,463,ADMIT,2,3,No,A
9/26/2022,464,BRISK,1,4,No,B
9/27/2022,465,SOGGY,1,4,Yes,S
9/28/2022,466,USURP,2,3,Yes,U
9/29/2022,467,SCALD,1,4,No,S
9/30/2022,468,SCORN,1,4,No,S
10/1/2022,469,LEAVE,3,2,Yes,L
10/2/2022,470,TWINE,2,3,No,T
10/3/2022,471,STING,1,4,No,S
10/4/2022,472,BOUGH,2,3,No,B
10/5/2022,473,MARSH,1,4,No,M
10/6/2022,474,SLOTH,1,4,No,S
10/7/2022,475,DANDY,1,4,Yes,D
10/8/2022,476,VIGOR,2,3,No,V
10/9/2022,477,HOWDY,1,4,No,H
10/10/2022,478,ENJOY,2,3,No,E
10/11/2022,479,VALID,2,3,No,V
10/12/2022,480,IONIC,3,2,Yes,I
10/13/2022,481,EQUAL,3,2,No,E
10/14/2022,482,FLOOR,2,3,Yes,F
10/15/2022,483,CATCH,1,4,Yes,C
10/16/2022,484,SPADE,2,3,No,S
10/17/2022,485,STEIN,2,3,No,S
10/18/2022,486,EXIST,2,3,No,E
10/19/2022,487,QUIRK,2,3,No,Q
10/20/2022,488,DENIM,2,3,No,D
10/21/2022,489,GROVE,2,3,No,G
10/22/2022,490,SPIEL,2,3,No,S
10/23/2022,491,MUMMY,1,4,Yes,M
10/24/2022,492,FAULT,2,3,No,F
10/25/2022,493,FOGGY,1,4,Yes,F
10/26/2022,494,FLOUT,2,3,No,F
10/27/2022,495,CARRY,1,4,Yes,C
10/28/2022,496,SNEAK,2,3,No,S
10/29/2022,497,LIBEL,2,3,Yes,L
10/30/2022,498,WALTZ,1,4,No,W
10/31/2022,499,APTLY,1,4,No,A
11/1/2022,500,PINEY,2,3,No,P
11/2/2022,501,INEPT,2,3,No,I
11/3/2022,502,ALOUD,3,2,No,A
11/4/2022,503,PHOTO,2,3,Yes,P
11/5/2022,504,DREAM,2,3,No,D
11/6/2022,505,STALE,2,3,No,S
11/7/2022,506,BEGIN,2,3,No,B
11/8/2022,507,SPELL,1,4,Yes,S
11/9/2022,508,RAINY,2,3,No,R
11/10/2022,509,UNITE,3,2,No,U
11/11/2022,510,MEDAL,2,3,No,M
11/12/2022,511,VALET,2,3,No,V
11/13/2022,512,INANE,3,2,Yes,I
11/14/2022,513,MAPLE,2,3,No,M
11/15/2022,514,SNARL,1,4,No,S
11/16/2022,515,BAKER,2,3,No,B
11/17/2022,516,THERE,2,3,Yes,T
11/18/2022,517,GLYPH,0,5,No,G
11/19/2022,518,AVERT,2,3,No,A
11/20/2022,519,BRAVE,2,3,No,B
11/21/2022,520,AXIOM,3,2,No,A
11/22/2022,521,PRIME,2,3,No,P
11/23/2022,522,DRIVE,2,3,No,D
11/24/2022,523,FEAST,2,3,No,F
11/25/2022,524,ITCHY,1,4,No,I
11/26/2022,525,CLEAN,2,3,No,C
11/27/2022,526,HAPPY,1,4,Yes,H
11/28/2022,527,TEPID,2,3,No,T
11/29/2022,528,UNDUE,3,2,Yes,U
11/30/2022,529,STUDY,1,4,No,S
12/1/2022,530,EJECT,2,3,Yes,E
12/2/2022,531,CHAFE,2,3,No,C
12/3/2022,532,TORSO,2,3,Yes,T
12/4/2022,533,ADORE,3,2,No,A
12/5/2022,534,WOKEN,2,3,No,W
12/6/2022,535,AMBER,2,3,No,A
12/7/2022,536,JOUST,2,3,No,J
12/8/2022,537,INFER,2,3,No,I
12/9/2022,538,BRAID,2,3,No,B
12/10/2022,539,KNOCK,1,4,Yes,K
12/11/2022,540,NAIVE,3,2,No,N
12/12/2022,541,APPLY,1,4,Yes,A
12/13/2022,542,SPOKE,2,3,No,S
12/14/2022,543,USUAL,3,2,Yes,U
12/15/2022,544,RIVAL,2,3,No,R
12/16/2022,545,PROBE,2,3,No,P
12/17/2022,546,CHORD,1,4,No,C
12/18/2022,547,TAPER,2,3,No,T
12/19/2022,548,SLATE,2,3,No,S
12/20/2022,549,THIRD,1,4,No,T
12/21/2022,550,LUNAR,2,3,No,L
12/22/2022,551,EXCEL,2,3,Yes,E
12/23/2022,552,AORTA,3,2,Yes,A
12/24/2022,553,POISE,3,2,No,P
12/25/2022,554,EXTRA,2,3,No,E
12/26/2022,555,JUDGE,2,3,No,J
12/27/2022,556,CONDO,2,3,Yes,C
12/28/2022,557,IMPEL,2,3,No,I
12/29/2022,558,HAVOC,2,3,No,H
12/30/2022,559,MOLAR,2,3,No,M
12/31/2022,560,MANLY,1,4,No,M
1/1/2023,561,WHINE,2,3,No,W
1/2/2023,562,SKIRT,1,4,No,S
1/3/2023,563,ANTIC,2,3,No,A
1/4/2023,564,LAYER,2,3,No,L
1/5/2023,565,SLEEK,2,3,Yes,S
1/6/2023,566,BELIE,3,2,Yes,B
1/7/2023,567,LEMON,2,3,No,L
1/8/2023,568,OPERA,3,2,No,O
1/9/2023,569,PIXIE,3,2,Yes,P
1/10/2023,570,GRIMY,1,4,No,G
1/11/2023,571,SEDAN,2,3,No,S
1/12/2023,572,LEAPT,2,3,No,L
1/13/2023,573,HUMAN,2,3,No,H
1/14/2023,574,KOALA,3,2,Yes,K
1/15/2023,575,SPIRE,2,3,No,S
1/16/2023,576,FROCK,1,4,No,F
1/17/2023,577,ADOPT,2,3,No,A
1/18/2023,578,CHARD,1,4,No,C
1/19/2023,579,MUCKY,1,4,No,M
1/20/2023,580,ALTER,2,3,No,A
1/21/2023,581,BLURB,1,4,Yes,B
1/22/2023,582,MATEY,2,3,No,M
1/23/2023,583,ELUDE,3,2,Yes,E
1/24/2023,584,COUNT,2,3,No,C
1/25/2023,585,MAIZE,3,2,No,M
1/26/2023,586,BEEFY,2,3,Yes,B
1/27/2023,587,WORRY,1,4,Yes,W
1/28/2023,588,FLIRT,1,4,No,F
1/29/2023,589,FISHY,1,4,No,F
1/30/2023,590,CRAVE,2,3,No,C
1/31/2023,591,CROSS,1,4,Yes,C
2/1/2023,592,SCOLD,1,4,No,S
2/2/2023,593,SHIRK,1,4,No,S
2/3/2023,594,TASTY,1,4,Yes,T
2/4/2023,595,UNLIT,2,3,No,U
2/5/2023,596,DANCE,2,3,No,D
2/6/2023,597,NINTH,1,4,Yes,N
2/7/2023,598,APPLE,2,3,Yes,A
2/8/2023,599,FLAIL,2,3,Yes,F
2/9/2023,600,STAGE,2,3,No,S
2/10/2023,601,HEADY,2,3,No,H
2/11/2023,602,DEBUG,2,3,No,D
2/12/2023,603,GIANT,2,3,No,G
2/13/2023,604,USAGE,3,2,No,U
2/14/2023,605,SOUND,2,3,No,S
2/15/2023,606,SALSA,2,3,Yes,S
2/16/2023,607,MAGIC,2,3,No,M
2/17/2023,608,CACHE,2,3,Yes,C
2/18/2023,609,AVAIL,3,2,Yes,A
2/19/2023,610,KIOSK,2,3,Yes,K
2/20/2023,611,SWEAT,2,3,No,S
2/21/2023,612,RUDDY,1,4,Yes,R
2/22/2023,613,RIPER,2,3,Yes,R
2/23/2023,614,VAGUE,3,2,No,V
2/24/2023,615,ARBOR,2,3,Yes,A
2/25/2023,616,FIFTY,1,4,Yes,F
2/26/2023,617,SYRUP,1,4,No,S
2/27/2023,618,WORSE,2,3,No,W
2/28/2023,619,POLKA,2,3,No,P
3/1/2023,620,MOOSE,3,2,Yes,M
3/2/2023,621,ABOVE,3,2,No,A
3/3/2023,622,SQUAT,2,3,No,S
3/4/2023,623,TREND,1,4,No,T
3/5/2023,624,TOXIC,2,3,No,T
3/6/2023,625,PINKY,1,4,No,P
3/7/2023,626,HORSE,2,3,No,H
3/8/2023,627,REGAL,2,3,No,R
3/9/2023,628,WHERE,2,3,Yes,W
3/10/2023,629,REVEL,2,3,Yes,R
3/11/2023,630,EMAIL,3,2,No,E
3/12/2023,631,BIRTH,1,4,No,B
3/13/2023,632,BLAME,2,3,No,B
3/14/2023,633,SURLY,1,4,No,S
3/15/2023,634,SWEEP,2,3,Yes,S
3/16/2023,635,CIDER,2,3,No,C
3/17/2023,636,MEALY,2,3,No,M
3/18/2023,637,YACHT,1,4,No,Y
3/19/2023,638,CREDO,2,3,No,C
3/20/2023,639,GLOVE,2,3,No,G
3/21/2023,640,TOUGH,2,3,No,T
3/22/2023,641,DUVET,2,3,No,D
3/23/2023,642,STAID,2,3,No,S
3/24/2023,643,GROUT,2,3,No,G
3/25/2023,644,VOTER,2,3,No,V
3/26/2023,645,UNTIE,3,2,No,U
3/27/2023,646,GUANO,3,2,No,G
3/28/2023,647,HURRY,1,4,Yes,H
3/29/2023,648,BESET,2,3,Yes,B
3/30/2023,649,BREAD,2,3,No,B
3/31/2023,650,EVERY,2,3,Yes,E
4/1/2023,651,MARCH,1,4,No,M
4/2/2023,652,STOCK,1,4,No,S
4/3/2023,653,FLORA,2,3,No,F
4/4/2023,654,RATIO,3,2,No,R
4/5/2023,655,SMASH,1,4,Yes,S
4/6/2023,656,LEAFY,2,3,No,L
4/7/2023,657,LOCUS,2,3,No,L
4/8/2023,658,LEDGE,2,3,Yes,L
4/9/2023,659,SNAFU,2,3,No,S
4/10/2023,660,UNDER,2,3,No,U
4/11/2023,661,QUALM,2,3,No,Q
4/12/2023,662,BORAX,2,3,No,B
4/13/2023,663,CARAT,2,3,Yes,C
4/14/2023,664,THIEF,2,3,No,T
4/15/2023,665,AGONY,2,3,No,A
4/16/2023,666,DWELT,1,4,No,D
4/17/2023,667,WHIFF,1,4,Yes,W
4/18/2023,668,HOUND,2,3,No,H
4/19/2023,669,THUMP,1,4,No,T
4/20/2023,670,PLATE,2,3,No,P
4/21/2023,671,KAYAK,2,3,Yes,K
4/22/2023,672,BROKE,2,3,No,B
4/23/2023,673,UNZIP,2,3,No,U
4/24/2023,674,DITTO,2,3,Yes,D
4/25/2023,675,JOKER,2,3,No,J
4/26/2023,676,METRO,2,3,No,M
4/27/2023,677,LOGIC,2,3,No,L
4/28/2023,678,CIRCA,2,3,Yes,C
4/29/2023,679,CEDAR,2,3,No,C
4/30/2023,680,PLAZA,2,3,Yes,P
5/1/2023,681,RANGE,2,3,No,R
5/2/2023,682,SULKY,1,4,No,S
5/3/2023,683,HORDE,2,3,No,H
5/4/2023,684,GUPPY,1,4,Yes,G
5/5/2023,685,BELOW,2,3,No,B
5/6/2023,686,ANGER,2,3,No,A
5/7/2023,687,GHOUL,2,3,No,G
5/8/2023,688,AGLOW,2,3,No,A
5/9/2023,689,COCOA,3,2,Yes,C
5/10/2023,690,ETHIC,2,3,No,E
5/11/2023,691,BROOM,2,3,Yes,B
5/12/2023,692,SNACK,1,4,No,S
5/13/2023,693,ACRID,2,3,No,A
5/14/2023,694,SCARF,1,4,No,S
5/15/2023,695,CANOE,3,2,No,C
5/16/2023,696,LATTE,2,3,Yes,L
5/17/2023,697,PLANK,1,4,No,P
5/18/2023,698,SHORN,1,4,No,S
5/19/2023,699,GRIEF,2,3,No,G
5/20/2023,700,FLASK,1,4,No,F
5/21/2023,701,BRASH,1,4,No,B
5/22/2023,702,IGLOO,3,2,Yes,I
5/23/2023,703,CLERK,1,4,No,C
5/24/2023,704,UTTER,2,3,Yes,U
5/25/2023,705,BAGEL,2,3,No,B
5/26/2023,706,SWINE,2,3,No,S
5/27/2023,707,RAMEN,2,3,No,R
5/28/2023,708,SKIMP,1,4,No,S
5/29/2023,709,MOUSE,3,2,No,M
5/30/2023,710,KNEEL,2,3,Yes,K
5/31/2023,711,AGILE,3,2,No,A
6/1/2023,712,JAZZY,1,4,Yes,J
6/2/2023,713,HUMID,2,3,No,H
6/3/2023,714,NANNY,1,4,Yes,N
6/4/2023,715,BEAST,2,3,No,B
6/5/2023,716,ENNUI,3,2,Yes,E
6/6/2023,717,SCOUT,2,3,No,S
6/7/2023,718,HATER,2,3,No,H
6/8/2023,719,CRUMB,1,4,No,C
6/9/2023,720,BALSA,2,3,Yes,B
6/10/2023,721,AGAIN,3,2,Yes,A
6/11/2023,722,GUARD,2,3,No,G
6/12/2023,723,WRONG,1,4,No,W
6/13/2023,724,PLUNK,1,4,No,P
6/14/2023,725,CRIME,2,3,No,C
6/15/2023,726,MAYBE,2,3,No,M
6/16/2023,727,STRAP,1,4,No,S
6/17/2023,728,RANCH,1,4,No,R
6/18/2023,729,SHYLY,0,5,Yes,S
6/19/2023,730,KAZOO,3,2,Yes,K
6/20/2023,731,FROST,1,4,No,F
6/21/2023,732,CRANE,2,3,No,C
6/22/2023,733,TASTE,2,3,Yes,T
6/23/2023,734,COVET,2,3,No,C
6/24/2023,735,GRAND,1,4,No,G
6/25/2023,736,RODEO,3,2,Yes,R
6/26/2023,737,GUEST,2,3,No,G
6/27/2023,738,ABOUT,3,2,No,A
6/28/2023,739,TRACT,1,4,Yes,T
6/29/2023,740,DINER,2,3,No,D
6/30/2023,741,STRAW,1,4,No,S
7/1/2023,742,BLEEP,2,3,Yes,B
7/2/2023,743,MOSSY,1,4,Yes,M
7/3/2023,744,HOTEL,2,3,No,H
7/4/2023,745,IRATE,3,2,No,I
7/5/2023,746,VENOM,2,3,No,V
7/6/2023,747,WINDY,1,4,No,W
7/7/2023,748,DONUT,2,3,No,D
7/8/2023,749,COWER,2,3,No,C
7/9/2023,750,ENTER,2,3,Yes,E
7/10/2023,751,FOLLY,1,4,Yes,F
7/11/2023,752,EARTH,2,3,No,E
7/12/2023,753,WHIRL,1,4,No,W
7/13/2023,754,BARGE,2,3,No,B
7/14/2023,755,FIEND,2,3,No,F
7/15/2023,756,CRONE,2,3,No,C
7/16/2023,757,TOPAZ,2,3,No,T
7/17/2023,758,DROOP,2,3,Yes,D
7/18/2023,759,FLYER,1,4,No,F
7/19/2023,760,TONIC,2,3,No,T
7/20/2023,761,FLANK,1,4,No,F
7/21/2023,762,BURLY,1,4,No,B
7/22/2023,763,FROZE,2,3,No,F
7/23/2023,764,WHALE,2,3,No,W
7/24/2023,765,HOBBY,1,4,Yes,H
7/25/2023,766,WHEEL,2,3,Yes,W
7/26/2023,767,HEART,2,3,No,H
7/27/2023,768,DISCO,2,3,No,D
7/28/2023,769,ETHOS,2,3,No,E
7/29/2023,770,CURLY,1,4,No,C
7/30/2023,771,BATHE,2,3,No,B
7/31/2023,772,STYLE,1,4,No,S
8/1/2023,773,TENTH,1,4,Yes,T
8/2/2023,774,BEGET,2,3,Yes,B
8/3/2023,775,PARTY,1,4,No,P
8/4/2023,776,CHART,1,4,No,C
8/5/2023,777,ANODE,3,2,No,A
8/6/2023,778,POLYP,1,4,Yes,P
8/7/2023,779,BROOK,2,3,Yes,B
8/8/2023,780,BULLY,1,4,Yes,B
8/9/2023,781,LOVER,2,3,No,L
8/10/2023,782,EMPTY,1,4,No,E
8/11/2023,783,HELLO,2,3,Yes,H
8/12/2023,784,QUICK,2,3,No,Q
8/13/2023,785,WRATH,1,4,No,W
8/14/2023,786,SNAKY,1,4,No,S
8/15/2023,787,INDEX,2,3,No,I
8/16/2023,788,SCRUB,1,4,No,S
8/17/2023,789,AMISS,2,3,Yes,A
8/18/2023,790,EXACT,2,3,No,E
8/19/2023,791,MAGMA,2,3,Yes,M
8/20/2023,792,QUEST,2,3,No,Q
8/21/2023,793,BEACH,2,3,No,B
8/22/2023,794,SPICE,2,3,No,S
8/23/2023,795,VERVE,2,3,Yes,V
8/24/2023,796,WORDY,1,4,No,W
8/25/2023,797,OCEAN,3,2,No,O
8/26/2023,798,CHOIR,2,3,No,C
8/27/2023,799,PEACE,3,2,Yes,P
8/28/2023,800,WRITE,2,3,No,W
8/29/2023,801,CAPER,2,3,No,C
8/30/2023,802,AUDIO,4,1,No,A
8/31/2023,803,BRIDE,2,3,No,B
9/1/2023,804,SPACE,2,3,No,S
9/2/2023,805,ONION,3,2,Yes,O
9/3/2023,806,AWAIT,3,2,Yes,A
9/4/2023,807,GIDDY,1,4,Yes,G
9/5/2023,808,BIRCH,1,4,No,B
9/6/2023,809,GNASH,1,4,No,G
9/7/2023,810,DWELL,1,4,Yes,D
9/8/2023,811,ROUSE,3,2,No,R
9/9/2023,812,LUCKY,1,4,No,L
9/10/2023,813,QUOTE,3,2,No,Q
9/11/2023,814,OLDER,2,3,No,O
9/12/2023,815,WHISK,1,4,No,W
9/13/2023,816,CLEAR,2,3,No,C
9/14/2023,817,RAYON,2,3,No,R
9/15/2023,818,EXERT,2,3,Yes,E
9/16/2023,819,ANGEL,2,3,No,A
9/17/2023,820,MUSIC,2,3,No,M
9/18/2023,821,FRANK,1,4,No,F
9/19/2023,822,CLOSE,2,3,No,C
9/20/2023,823,SNARE,2,3,No,S
9/21/2023,824,STONE,2,3,No,S
9/22/2023,825,BRUSH,1,4,No,B
9/23/2023,826,CAROL,2,3,No,C
9/24/2023,827,RIGHT,1,4,No,R
9/25/2023,828,ROCKY,1,4,No,R
9/26/2023,829,LOYAL,2,3,Yes,L
9/27/2023,830,SMILE,2,3,No,S
9/28/2023,831,COACH,2,3,Yes,C
9/29/2023,832,AZURE,3,2,No,A
9/30/2023,833,DADDY,1,4,Yes,D
10/1/2023,834,BERET,2,3,Yes,B
10/2/2023,835,MERRY,1,4,Yes,M
10/3/2023,836,WHILE,2,3,No,W
10/4/2023,837,SPURT,1,4,No,S
10/5/2023,838,BUNCH,1,4,No,B
10/6/2023,839,CHIME,2,3,No,C
10/7/2023,840,VIOLA,3,2,No,V
10/8/2023,841,BINGE,2,3,No,B
10/9/2023,842,TRUTH,1,4,Yes,T
10/10/2023,843,SNAIL,2,3,No,S
10/11/2023,844,SKUNK,1,4,Yes,S
10/12/2023,845,KNELT,1,4,No,K
10/13/2023,846,UNCLE,2,3,No,U
10/14/2023,847,AGENT,2,3,No,A
10/15/2023,848,LEAKY,2,3,No,L
10/16/2023,849,GRAPH,1,4,No,G
10/17/2023,850,ADULT,2,3,No,A
10/18/2023,851,MERCY,1,4,No,M
10/19/2023,852,SPLAT,1,4,No,S
10/20/2023,853,OCCUR,2,3,Yes,O
10/21/2023,854,SMIRK,1,4,No,S
10/22/2023,855,GIVEN,2,3,No,G
10/23/2023,856,TEMPO,2,3,No,T
10/24/2023,857,CAUSE,3,2,No,C
10/25/2023,858,RETRY,1,4,Yes,R
10/26/2023,859,PIQUE,3,2,No,P
10/27/2023,860,NOBLE,2,3,No,N
10/28/2023,861,MASON,2,3,No,M
10/29/2023,862,PHONY,1,4,No,P
10/30/2023,863,GRAIL,2,3,No,G
10/31/2023,864,BLEAK,2,3,No,B
11/1/2023,865,NOISE,3,2,No,N
11/2/2023,866,UNTIL,2,3,No,U
11/3/2023,867,ARDOR,2,3,Yes,A
11/4/2023,868,MANIA,3,2,Yes,M
11/5/2023,869,FLARE,2,3,No,F
11/6/2023,870,TRADE,2,3,No,T
11/7/2023,871,LIMIT,2,3,Yes,L
11/8/2023,872,NINJA,2,3,Yes,N
11/9/2023,873,GLAZE,2,3,No,G
11/10/2023,874,LEASH,2,3,No,L
11/11/2023,875,ACTOR,2,3,No,A
11/12/2023,876,MEANT,2,3,No,M
11/13/2023,877,GREEN,2,3,Yes,G
11/14/2023,878,SASSY,1,4,Yes,S
11/15/2023,879,SIGHT,1,4,No,S
11/16/2023,880,TRUST,1,4,Yes,T
11/17/2023,881,TARDY,1,4,No,T
11/18/2023,882,THINK,1,4,No,T
11/19/2023,883,QUEUE,4,1,Yes,Q
11/20/2023,884,CANDY,1,4,No,C
11/21/2023,885,PIANO,3,2,No,P
11/22/2023,886,PIXEL,2,3,No,P
11/23/2023,887,QUEEN,3,2,Yes,Q
11/24/2023,888,THROW,1,4,No,T
11/25/2023,889,GUIDE,3,2,No,G
11/26/2023,890,SOLID,2,3,No,S
11/27/2023,891,TAWNY,1,4,No,T
11/28/2023,892,SCOPE,2,3,No,S
11/29/2023,893,SUSHI,2,3,Yes,S
11/30/2023,894,RESIN,2,3,No,R
12/1/2023,895,TAKEN,2,3,No,T
12/2/2023,896,GENRE,2,3,Yes,G
12/3/2023,897,ADAPT,2,3,Yes,A
12/4/2023,898,WORST,1,4,No,W
12/5/2023,899,YOUNG,2,3,No,Y
12/6/2023,900,WOMAN,2,3,No,W
12/7/2023,901,SLEEP,2,3,Yes,S
12/8/2023,902,SHARP,1,4,No,S
12/9/2023,903,SHIFT,1,4,No,S
12/10/2023,904,CHAIN,2,3,No,C
12/11/2023,905,HOUSE,3,2,No,H
12/12/2023,906,THESE,2,3,Yes,T
12/13/2023,907,SPENT,1,4,No,S
12/14/2023,908,WOULD,2,3,No,W
12/15/2023,909,TOPIC,2,3,No,T
12/16/2023,910,GLOBE,2,3,No,G
12/17/2023,911,BACON,2,3,No,B
12/18/2023,912,FUNNY,1,4,Yes,F
12/19/2023,913,TABLE,2,3,No,T
12/20/2023,914,SMALL,1,4,Yes,S
12/21/2023,915,BUILT,2,3,No,B
12/22/2023,916,TOUCH,2,3,No,T
12/23/2023,917,SLOPE,2,3,No,S
12/24/2023,918,GRACE,2,3,No,G
12/25/2023,919,EVOKE,3,2,Yes,E
12/26/2023,920,PHONE,2,3,No,P
12/27/2023,921,DAISY,2,3,No,D
12/28/2023,922,LEARN,2,3,No,L
12/29/2023,923,CHILD,1,4,No,C
12/30/2023,924,THREE,2,3,Yes,T
12/31/2023,925,SALTY,1,4,No,S
1/1/2024,926,MURAL,2,3,No,M
1/2/2024,927,AGING,2,3,Yes,A
1/3/2024,928,TWIRL,1,4,No,T
1/4/2024,929,SCANT,1,4,No,S
1/5/2024,930,LUNGE,2,3,No,L
1/6/2024,931,CABLE,2,3,No,C
1/7/2024,932,STONY,1,4,No,S
1/8/2024,933,FINAL,2,3,No,F
1/9/2024,934,LINER,2,3,No,L
1/10/2024,935,THREW,1,4,No,T
1/11/2024,936,BRIEF,2,3,No,B
1/12/2024,937,ROUTE,3,2,No,R
1/13/2024,938,HEARD,2,3,No,H
1/14/2024,939,DOING,2,3,No,D
1/15/2024,940,LUNCH,1,4,No,L
1/16/2024,941,BLOND,1,4,No,B
1/17/2024,942,COURT,2,3,No,C
1/18/2024,943,STOLE,2,3,No,S
1/19/2024,944,THING,1,4,No,T
1/20/2024,945,LARGE,2,3,No,L
1/21/2024,946,NORTH,1,4,No,N
1/22/2024,947,TWEAK,2,3,No,T
1/23/2024,948,STILL,1,4,Yes,S
1/24/2024,949,RELIC,2,3,No,R
1/25/2024,950,BLOCK,1,4,No,B
1/26/2024,951,ALOOF,3,2,Yes,A
1/27/2024,952,SNAKE,2,3,No,S
1/28/2024,953,EMBER,2,3,Yes,E
1/29/2024,954,LEGGY,1,4,Yes,L
1/30/2024,955,EXPEL,2,3,Yes,E
1/31/2024,956,BULKY,1,4,No,B
2/1/2024,957,ALIVE,3,2,No,A
2/2/2024,958,CLEFT,1,4,No,C
2/3/2024,959,MICRO,2,3,No,M
2/4/2024,960,VERGE,2,3,Yes,V
2/5/2024,961,REPEL,2,3,Yes,R
2/6/2024,962,WHICH,1,4,Yes,W
2/7/2024,963,AFTER,2,3,No,A
2/8/2024,964,PLACE,2,3,No,P
2/9/2024,965,STIFF,1,4,Yes,S
2/10/2024,966,FRIED,2,3,No,F
2/11/2024,967,NEVER,2,3,Yes,N
2/12/2024,968,PASTA,2,3,Yes,P
2/13/2024,969,SCRAM,1,4,No,S
2/14/2024,970,TALON,2,3,No,T
2/15/2024,971,ASCOT,2,3,No,A
2/16/2024,972,STASH,1,4,Yes,S
2/17/2024,973,PSALM,1,4,No,P
2/18/2024,974,RIDGE,2,3,No,R
2/19/2024,975,PRICE,2,3,No,P
2/20/2024,976,MATCH,1,4,No,M
2/21/2024,977,BUILD,2,3,No,B
2/22/2024,978,HEAVY,2,3,No,H
2/23/2024,979,APART,2,3,Yes,A
2/24/2024,980,PIPER,2,3,Yes,P
2/25/2024,981,SMITH,1,4,No,S
2/26/2024,982,OFTEN,2,3,No,O
2/27/2024,983,SENSE,2,3,Yes,S
2/28/2024,984,DEVIL,2,3,No,D
2/29/2024,985,IMAGE,3,2,No,I
3/1/2024,986,FORTY,1,4,No,F
3/2/2024,987,URBAN,2,3,No,U
3/3/2024,988,STATE,2,3,Yes,S
3/4/2024,989,FLAME,2,3,No,F
3/5/2024,990,HUNCH,1,4,Yes,H
3/6/2024,991,TEARY,2,3,No,T
3/7/2024,992,CLONE,2,3,No,C
3/8/2024,993,EARLY,2,3,No,E
3/9/2024,994,CHEER,2,3,Yes,C
3/10/2024,995,GRASP,1,4,No,G
3/11/2024,996,PESKY,1,4,No,P
3/12/2024,997,HEAVE,3,2,Yes,H
3/13/2024,998,LOCAL,2,3,Yes,L
3/14/2024,999,SINCE,2,3,No,S
3/15/2024,1000,ERUPT,2,3,No,E
3/16/2024,1001,TOXIN,2,3,No,T
3/17/2024,1002,SNORT,1,4,No,S
3/18/2024,1003,SPELT,1,4,No,S
3/19/2024,1004,ABIDE,3,2,No,A
3/20/2024,1005,LINGO,2,3,No,L
3/21/2024,1006,SHADE,2,3,No,S
3/22/2024,1007,DECAY,2,3,No,D
3/23/2024,1008,RISEN,2,3,No,R
3/24/2024,1009,TOWEL,2,3,No,T
3/25/2024,1010,SALLY,1,4,Yes,S
3/26/2024,1011,MAYOR,2,3,No,M
3/27/2024,1012,STUNG,1,4,No,S
3/28/2024,1013,SPEAK,2,3,No,S
3/29/2024,1014,REALM,2,3,No,R
3/30/2024,1015,FORCE,2,3,No,F
3/31/2024,1016,TABOO,3,2,Yes,T
4/1/2024,1017,FROND,1,4,No,F
4/2/2024,1018,SERUM,2,3,No,S
4/3/2024,1019,PLAIT,2,3,No,P
4/4/2024,1020,CLIMB,1,4,No,C
4/5/2024,1021,WRIST,1,4,No,W
4/6/2024,1022,FINCH,1,4,No,F
4/7/2024,1023,VOILA,3,2,No,V
4/8/2024,1024,BREED,2,3,Yes,B
4/9/2024,1025,MERGE,2,3,Yes,M
4/10/2024,1026,BROTH,1,4,No,B
4/11/2024,1027,LOUSE,3,2,No,L
4/12/2024,1028,WHINY,1,4,No,W
4/13/2024,1029,STEEL,2,3,Yes,S
4/14/2024,1030,BLIMP,1,4,No,B
4/15/2024,1031,EQUIP,3,2,No,E
4/16/2024,1032,SHANK,1,4,No,S
4/17/2024,1033,TITHE,2,3,Yes,T
4/18/2024,1034,FACET,2,3,No,F
4/19/2024,1035,RAISE,3,2,No,R
4/20/2024,1036,LUCID,2,3,No,L
4/21/2024,1037,JOLLY,1,4,Yes,J
4/22/2024,1038,LASER,2,3,No,L
4/23/2024,1039,ROVER,2,3,Yes,R
4/24/2024,1040,OVERT,2,3,No,O
4/25/2024,1041,INTRO,2,3,No,I
4/26/2024,1042,VAPID,2,3,No,V
4/27/2024,1043,GLEAM,2,3,No,G
4/28/2024,1044,PRUNE,2,3,No,P
4/29/2024,1045,CRAFT,1,4,No,C
4/30/2024,1046,PROWL,1,4,No,P
5/1/2024,1047,DIARY,2,3,No,D
5/2/2024,1048,SLICE,2,3,No,S
5/3/2024,1049,EBONY,2,3,No,E
5/4/2024,1050,VALUE,3,2,No,V
5/5/2024,1051,DECAL,2,3,No,D
5/6/2024,1052,SHAVE,2,3,No,S
5/7/2024,1053,MUSTY,1,4,No,M
5/8/2024,1054,PIOUS,3,2,No,P
5/9/2024,1055,JERKY,1,4,No,J
5/10/2024,1056,MEDIA,3,2,No,M
5/11/2024,1057,TIDAL,2,3,No,T
5/12/2024,1058,OUTER,3,2,No,O
5/13/2024,1059,CUMIN,2,3,No,C
5/14/2024,1060,AMASS,2,3,Yes,A
5/15/2024,1061,PINCH,1,4,No,P
5/16/2024,1062,STALL,1,4,Yes,S
5/17/2024,1063,TUTOR,2,3,Yes,T
5/18/2024,1064,BRINY,1,4,No,B
5/19/2024,1065,HITCH,1,4,Yes,H
5/20/2024,1066,NICER,2,3,No,N
5/21/2024,1067,DINGO,2,3,No,D
5/22/2024,1068,EXALT,2,3,No,E
5/23/2024,1069,SWISH,1,4,Yes,S
5/24/2024,1070,GLIDE,2,3,No,G
5/25/2024,1071,TITAN,2,3,Yes,T
5/26/2024,1072,BEVEL,2,3,Yes,B
5/27/2024,1073,SKIER,2,3,No,S
5/28/2024,1074,MINUS,2,3,No,M
5/29/2024,1075,PAPAL,2,3,Yes,P
5/30/2024,1076,GUMMY,1,4,Yes,G
5/31/2024,1077,CHAOS,2,3,No,C
6/1/2024,1078,BASIN,2,3,No,B
6/2/2024,1079,BRAVO,2,3,No,B
6/3/2024,1080,STARK,1,4,No,S
6/4/2024,1081,GROOM,2,3,Yes,G
6/5/2024,1082,ORGAN,2,3,No,O
6/6/2024,1083,ETHER,2,3,Yes,E
6/7/2024,1084,MELON,2,3,No,M
6/8/2024,1085,HENCE,2,3,Yes,H
6/9/2024,1086,CROWD,1,4,No,C
6/10/2024,1087,MANGA,2,3,Yes,M
6/11/2024,1088,SWUNG,1,4,No,S
6/12/2024,1089,DETER,2,3,Yes,D
6/13/2024,1090,ANGST,1,4,No,A
6/14/2024,1091,VAULT,2,3,No,V
6/15/2024,1092,PROUD,2,3,No,P
6/16/2024,1093,GRIND,1,4,No,G
6/17/2024,1094,PRIOR,2,3,Yes,P
6/18/2024,1095,COVER,2,3,No,C
6/19/2024,1096,TERSE,2,3,Yes,T
6/20/2024,1097,SCENT,1,4,No,S
6/21/2024,1098,PAINT,2,3,No,P
6/22/2024,1099,EDICT,2,3,No,E
6/23/2024,1100,BUGLE,2,3,No,B
6/24/2024,1101,DOLLY,1,4,Yes,D
6/25/2024,1102,SAVOR,2,3,No,S
6/26/2024,1103,KNEAD,2,3,No,K
6/27/2024,1104,ORDER,2,3,Yes,O
6/28/2024,1105,DROVE,2,3,No,D
6/29/2024,1106,ZEBRA,2,3,No,Z
6/30/2024,1107,BUDDY,1,4,Yes,B
7/1/2024,1108,ADAGE,3,2,Yes,A
7/2/2024,1109,INLAY,2,3,No,I
7/3/2024,1110,THIGH,1,4,Yes,T
7/4/2024,1111,DEBUT,2,3,No,D
7/5/2024,1112,CRUSH,1,4,No,C
7/6/2024,1113,SCOFF,1,4,Yes,S
7/7/2024,1114,CANON,2,3,Yes,C
7/8/2024,1115,SHAPE,2,3,No,S
7/9/2024,1116,BLARE,2,3,No,B
7/10/2024,1117,GAUNT,2,3,No,G
7/11/2024,1118,CAMEO,3,2,No,C
7/12/2024,1119,JIFFY,1,4,Yes,J
7/13/2024,1120,ENACT,2,3,No,E
7/14/2024,1121,VIDEO,3,2,No,V
7/15/2024,1122,SWOON,2,3,Yes,S
7/16/2024,1123,DECOY,2,3,No,D
7/17/2024,1124,QUITE,3,2,No,Q
7/18/2024,1125,NERDY,1,4,No,N
7/19/2024,1126,REFER,2,3,Yes,R
7/20/2024,1127,SHAFT,1,4,No,S
7/21/2024,1128,SPECK,1,4,No,S
7/22/2024,1129,CADET,2,3,No,C
7/23/2024,1130,PRONG,1,4,No,P
7/24/2024,1131,FORTE,2,3,No,F
7/25/2024,1132,PORCH,1,4,No,P
7/26/2024,1133,AWASH,2,3,Yes,A
7/27/2024,1134,JUICE,3,2,No,J
7/28/2024,1135,SMOCK,1,4,No,S
7/29/2024,1136,SUPER,2,3,No,S
7/30/2024,1137,FERAL,2,3,No,F
7/31/2024,1138,PENNE,2,3,Yes,P
8/1/2024,1139,CHALK,1,4,No,C
8/2/2024,1140,FLAKE,2,3,No,F
8/3/2024,1141,SCALE,2,3,No,S
8/4/2024,1142,LOWER,2,3,No,L
8/5/2024,1143,ENSUE,3,2,Yes,E
8/6/2024,1144,ANVIL,2,3,No,A
8/7/2024,1145,MACAW,2,3,Yes,M
8/8/2024,1146,SAUCY,2,3,No,S
8/9/2024,1147,OUNCE,3,2,No,O
8/10/2024,1148,MEDIC,2,3,No,M
8/11/2024,1149,SCONE,2,3,No,S
8/12/2024,1150,SKIFF,1,4,Yes,S
8/13/2024,1151,NEIGH,2,3,No,N
8/14/2024,1152,SHORE,2,3,No,S
8/15/2024,1153,ACORN,2,3,No,A
8/16/2024,1154,BRACE,2,3,No,B
8/17/2024,1155,STORM,1,4,No,S
8/18/2024,1156,LANKY,1,4,No,L
8/19/2024,1157,METER,2,3,Yes,M
8/20/2024,1158,DELAY,2,3,No,D
8/21/2024,1159,MULCH,1,4,No,M
8/22/2024,1160,BRUTE,2,3,No,B
8/23/2024,1161,LEECH,2,3,Yes,L
8/24/2024,1162,FILET,2,3,No,F
8/25/2024,1163,SKATE,2,3,No,S
8/26/2024,1164,STAKE,2,3,No,S
8/27/2024,1165,CROWN,1,4,No,C
8/28/2024,1166,LITHE,2,3,No,L
8/29/2024,1167,FLUNK,1,4,No,F
8/30/2024,1168,KNAVE,2,3,No,K
8/31/2024,1169,SPOUT,2,3,No,S
9/1/2024,1170,MUSHY,1,4,No,M
9/2/2024,1171,CAMEL,2,3,No,C
9/3/2024,1172,FAINT,2,3,No,F
9/4/2024,1173,STERN,1,4,No,S
9/5/2024,1174,WIDEN,2,3,No,W
9/6/2024,1175,RERUN,2,3,Yes,R
9/7/2024,1176,OWNER,2,3,No,O
9/8/2024,1177,DRAWN,1,4,No,D
9/9/2024,1178,DEBIT,2,3,No,D
9/10/2024,1179,REBEL,2,3,Yes,R
9/11/2024,1180,AISLE,3,2,No,A
9/12/2024,1181,BRASS,1,4,Yes,B
9/13/2024,1182,HARSH,1,4,Yes,H
9/14/2024,1183,BROAD,2,3,No,B
9/15/2024,1184,RECUR,2,3,Yes,R
9/16/2024,1185,HONEY,2,3,No,H
9/17/2024,1186,BEAUT,3,2,No,B
9/18/2024,1187,FULLY,1,4,Yes,F
9/19/2024,1188,PRESS,1,4,Yes,P
9/20/2024,1189,SMOKE,2,3,No,S
9/21/2024,1190,SEVEN,2,3,Yes,S
9/22/2024,1191,TEACH,2,3,No,T
9/23/2024,1192,STEAM,2,3,No,S
9/24/2024,1193,HANDY,1,4,No,H
9/25/2024,1194,TORCH,1,4,No,T
9/26/2024,1195,THANK,1,4,No,T
9/27/2024,1196,FAITH,2,3,No,F
9/28/2024,1197,BRAIN,2,3,No,B
9/29/2024,1198,RIDER,2,3,Yes,R
9/30/2024,1199,CLOUD,2,3,No,C
10/1/2024,1200,MODEM,2,3,Yes,M
10/2/2024,1201,SHELL,1,4,Yes,S
10/3/2024,1202,WAGON,2,3,No,W
10/4/2024,1203,TITLE,2,3,Yes,T
10/5/2024,1204,MINER,2,3,No,M
10/6/2024,1205,LAGER,2,3,No,L
10/7/2024,1206,FLOUR,2,3,No,F
10/8/2024,1207,JOINT,2,3,No,J
10/9/2024,1208,MOMMY,1,4,Yes,M
10/10/2024,1209,CARVE,2,3,No,C
10/11/2024,1210,GUSTY,1,4,No,G
10/12/2024,1211,STAIN,2,3,No,S
10/13/2024,1212,PRONE,2,3,No,P
10/14/2024,1213,GAMUT,2,3,No,G
10/15/2024,1214,CORER,2,3,Yes,C
10/16/2024,1215,GRANT,1,4,No,G
10/17/2024,1216,HALVE,2,3,No,H
10/18/2024,1217,STINT,1,4,Yes,S
10/19/2024,1218,FIBER,2,3,No,F
10/20/2024,1219,DICEY,2,3,No,D
10/21/2024,1220,SPOON,2,3,Yes,S
10/22/2024,1221,SHOUT,2,3,No,S
10/23/2024,1222,GOOFY,2,3,Yes,G
10/24/2024,1223,BOSSY,1,4,Yes,B
10/25/2024,1224,FROWN,1,4,No,F
10/26/2024,1225,WREAK,2,3,No,W
10/27/2024,1226,SANDY,1,4,No,S
10/28/2024,1227,BAWDY,1,4,No,B
10/29/2024,1228,TUNIC,2,3,No,T
10/30/2024,1229,EASEL,3,2,Yes,E
10/31/2024,1230,WEIRD,2,3,No,W
11/1/2024,1231,SIXTH,1,4,No,S
11/2/2024,1232,SNOOP,2,3,Yes,S
11/3/2024,1233,BLAZE,2,3,No,B
11/4/2024,1234,VINYL,1,4,No,V
11/5/2024,1235,OCTET,2,3,Yes,O
11/6/2024,1236,TRULY,1,4,No,T
11/7/2024,1237,EVENT,2,3,Yes,E
11/8/2024,1238,READY,2,3,No,R
11/9/2024,1239,SWELL,1,4,Yes,S
11/10/2024,1240,INNER,2,3,Yes,I
11/11/2024,1241,STOIC,2,3,No,S
11/12/2024,1242,FLOWN,1,4,No,F
11/13/2024,1243,PRIMP,1,4,Yes,P
11/14/2024,1244,UVULA,3,2,Yes,U
11/15/2024,1245,TACKY,1,4,No,T
11/16/2024,1246,VISOR,2,3,No,V
11/17/2024,1247,TALLY,1,4,Yes,T
11/18/2024,1248,FRAIL,2,3,No,F
11/19/2024,1249,GOING,2,3,Yes,G
11/20/2024,1250,NICHE,2,3,No,N
11/21/2024,1251,SPINE,2,3,No,S
11/22/2024,1252,PEARL,2,3,No,P
11/23/2024,1253,JELLY,1,4,Yes,J
11/24/2024,1254,TWIST,1,4,Yes,T
11/25/2024,1255,BROWN,1,4,No,B
11/26/2024,1256,WITCH,1,4,No,W
11/27/2024,1257,SLANG,1,4,No,S
11/28/2024,1258,CHOCK,1,4,Yes,C
11/29/2024,1259,HIPPO,2,3,Yes,H
11/30/2024,1260,DOGMA,2,3,No,D
12/1/2024,1261,MAUVE,3,2,No,M
12/2/2024,1262,GUILE,3,2,No,G
12/3/2024,1263,SHAKY,1,4,No,S
12/4/2024,1264,CRYPT,0,5,No,C
12/5/2024,1265,ENDOW,2,3,No,E
12/6/2024,1266,SHOVE,2,3,No,S
12/7/2024,1267,HILLY,1,4,Yes,H
12/8/2024,1268,HYENA,2,3,No,H
12/9/2024,1269,FLUNG,1,4,No,F
12/10/2024,1270,PATIO,3,2,No,P
12/11/2024,1271,PLUMB,1,4,No,P
12/12/2024,1272,VYING,1,4,No,V
12/13/2024,1273,BOXER,2,3,No,B
12/14/2024,1274,DROOL,2,3,Yes,D
12/15/2024,1275,FUNKY,1,4,No,F
12/16/2024,1276,BOAST,2,3,No,B
12/17/2024,1277,SCOWL,1,4,No,S
12/18/2024,1278,HEFTY,1,4,No,H
12/19/2024,1279,STRAY,1,4,No,S
12/20/2024,1280,FLASH,1,4,No,F
12/21/2024,1281,BLADE,2,3,No,B
12/22/2024,1282,BRAWN,1,4,No,B
12/23/2024,1283,SAUNA,3,2,Yes,S
12/24/2024,1284,EAGLE,3,2,Yes,E
12/25/2024,1285,SHARE,2,3,No,S
12/26/2024,1286,AFFIX,2,3,Yes,A
12/27/2024,1287,GRAIN,2,3,No,G
12/28/2024,1288,DECRY,1,4,No,D
12/29/2024,1289,MAMBO,2,3,Yes,M
12/30/2024,1290,STARE,2,3,No,S
12/31/2024,1291,LEMUR,2,3,No,L
1/1/2025,1292,NERVE,2,3,Yes,N
1/2/2025,1293,CHOSE,2,3,No,C
1/3/2025,1294,CHEAP,2,3,No,C
1/4/2025,1295,RELAX,2,3,No,R
1/5/2025,1296,CYBER,1,4,No,C
1/6/2025,1297,SPRIG,1,4,No,S
1/7/2025,1298,ATLAS,2,3,Yes,A
1/8/2025,1299,DRAFT,1,4,No,D
1/9/2025,1300,WAFER,2,3,No,W
1/10/2025,1301,CRAWL,1,4,No,C
1/11/2025,1302,DINGY,1,4,No,D
1/12/2025,1303,TOTAL,2,3,Yes,T
1/13/2025,1304,CLOAK,2,3,No,C
1/14/2025,1305,FANCY,1,4,No,F
1/15/2025,1306,KNACK,1,4,Yes,K
1/16/2025,1307,FLINT,1,4,No,F
1/17/2025,1308,PROSE,2,3,No,P
1/18/2025,1309,SILLY,1,4,Yes,S
1/19/2025,1310,ROWER,2,3,Yes,R
1/20/2025,1311,SQUID,2,3,No,S
1/21/2025,1312,ICING,2,3,Yes,I
1/22/2025,1313,REACH,2,3,No,R
1/23/2025,1314,UPPER,2,3,Yes,U
1/24/2025,1315,CREPE,2,3,Yes,C
1/25/2025,1316,CRISP,1,4,No,C
1/26/2025,1317,SUNNY,1,4,Yes,S
1/27/2025,1318,SHUNT,1,4,No,S
1/28/2025,1319,FEVER,2,3,Yes,F
1/29/2025,1320,UDDER,2,3,Yes,U
1/30/2025,1321,FALSE,2,3,No,F
1/31/2025,1322,TOAST,2,3,Yes,T
2/1/2025,1323,RIVET,2,3,No,R
2/2/2025,1324,CHORE,2,3,No,C
2/3/2025,1325,REVUE,3,2,Yes,R
2/4/2025,1326,TOOTH,2,3,Yes,T
2/5/2025,1327,PEDAL,2,3,No,P
2/6/2025,1328,PUPIL,2,3,Yes,P
2/7/2025,1329,SWATH,1,4,No,S
2/8/2025,1330,STEEP,2,3,Yes,S
2/9/2025,1331,BONUS,2,3,No,B
2/10/2025,1332,GOODY,2,3,Yes,G
2/11/2025,1333,SCORE,2,3,No,S
2/12/2025,1334,RAPID,2,3,No,R
2/13/2025,1335,RUMBA,2,3,No,R
2/14/2025,1336,DITTY,1,4,Yes,D
2/15/2025,1337,CROOK,2,3,Yes,C
2/16/2025,1338,SUAVE,3,2,No,S
2/17/2025,1339,TRAIL,2,3,No,T
2/18/2025,1340,INDIE,3,2,Yes,I
2/19/2025,1341,MADLY,1,4,No,M
2/20/2025,1342,ROACH,2,3,No,R
2/21/2025,1343,CLOVE,2,3,No,C
2/22/2025,1344,CREAM,2,3,No,C
2/23/2025,1345,OTTER,2,3,Yes,O
2/24/2025,1346,GLAND,1,4,No,G
2/25/2025,1347,DRYER,1,4,Yes,D
2/26/2025,1348,AWARD,2,3,Yes,A
2/27/2025,1349,LODGE,2,3,No,L
2/28/2025,1350,FUZZY,1,4,Yes,F
3/1/2025,1351,HOVER,2,3,No,H
3/2/2025,1352,DEITY,2,3,No,D
3/3/2025,1353,SPEAR,2,3,No,S
3/4/2025,1354,CHECK,1,4,Yes,C
3/5/2025,1355,SCRUM,1,4,No,S
3/6/2025,1356,ALERT,2,3,No,A
3/7/2025,1357,TROOP,2,3,Yes,T
3/8/2025,1358,NAVEL,2,3,No,N
3/9/2025,1359,GREED,2,3,Yes,G
3/10/2025,1360,SPITE,2,3,No,S
3/11/2025,1361,TRACK,1,4,No,T
3/12/2025,1362,MANGO,2,3,No,M
3/13/2025,1363,CHASE,2,3,No,C
3/14/2025,1364,PIECE,3,2,Yes,P
3/15/2025,1365,LADLE,2,3,Yes,L
3/16/2025,1366,STAMP,1,4,No,S
3/17/2025,1367,LASSO,2,3,Yes,L
3/18/2025,1368,TIMER,2,3,No,T
3/19/2025,1369,SPARK,1,4,No,S
3/20/2025,1370,BASTE,2,3,No,B
3/21/2025,1371,NUDGE,2,3,No,N
3/22/2025,1372,AMBLE,2,3,No,A
3/23/2025,1373,DOPEY,2,3,No,D
3/24/2025,1374,ANGLE,2,3,No,A
3/25/2025,1375,SHELF,1,4,No,S
3/26/2025,1376,ELBOW,2,3,No,E
3/27/2025,1377,SHEET,2,3,Yes,S
3/28/2025,1378,VERSE,2,3,Yes,V
3/29/2025,1379,SORRY,1,4,Yes,S
3/30/2025,1380,QUOTA,3,2,No,Q
3/31/2025,1381,BOOTY,2,3,Yes,B
4/1/2025,1382,JEWEL,2,3,Yes,J
4/2/2025,1383,CURSE,2,3,No,C
4/3/2025,1384,SHEAR,2,3,No,S
4/4/2025,1385,KRILL,1,4,Yes,K
4/5/2025,1386,FOAMY,2,3,No,F
4/6/2025,1387,VILLA,2,3,Yes,V
4/7/2025,1388,HAZEL,2,3,No,H
4/8/2025,1389,SPARE,2,3,No,S
4/9/2025,1390,WHEAT,2,3,No,W
4/10/2025,1391,TURBO,2,3,No,T
4/11/2025,1392,ARROW,2,3,Yes,A
4/12/2025,1393,NURSE,2,3,No,N
4/13/2025,1394,LAUGH,2,3,No,L
4/14/2025,1395,CREST,1,4,No,C
4/15/2025,1396,ASHEN,2,3,No,A
4/16/2025,1397,MORAL,2,3,No,M
4/17/2025,1398,STOOD,2,3,Yes,S
4/18/2025,1399,DIRGE,2,3,No,D
4/19/2025,1400,INBOX,2,3,No,I
4/20/2025,1401,PATCH,1,4,No,P
4/21/2025,1402,SPATE,2,3,No,S
4/22/2025,1403,ARTSY,1,4,No,A
4/23/2025,1404,OZONE,3,2,Yes,O
4/24/2025,1405,GENIE,3,2,Yes,G
4/25/2025,1406,KNOWN,1,4,Yes,K
4/26/2025,1407,CLASH,1,4,No,C
4/27/2025,1408,WEEDY,2,3,Yes,W
4/28/2025,1409,DUMMY,1,4,Yes,D
4/29/2025,1410,BLISS,1,4,Yes,B
4/30/2025,1411,IDLER,2,3,No,I
5/1/2025,1412,ADEPT,2,3,No,A
5/2/2025,1413,WHOSE,2,3,No,W
5/3/2025,1414,PATSY,1,4,No,P
5/4/2025,1415,TROUT,2,3,Yes,T
5/5/2025,1416,SHUSH,1,4,Yes,S
5/6/2025,1417,SUITE,3,2,No,S
5/7/2025,1418,MACHO,2,3,No,M
5/8/2025,1419,BALMY,1,4,No,B
5/9/2025,1420,TRIPE,2,3,No,T
5/10/2025,1421,YEAST,2,3,No,Y
5/11/2025,1422,DOWEL,2,3,No,D
5/12/2025,1423,BICEP,2,3,No,B
5/13/2025,1424,AWARE,3,2,Yes,A
5/14/2025,1425,BONGO,2,3,Yes,B
5/15/2025,1426,EAGER,3,2,Yes,E
5/16/2025,1427,FIFTH,1,4,Yes,F
5/17/2025,1428,GROWN,1,4,No,G
5/18/2025,1429,LIVID,2,3,Yes,L
5/19/2025,1430,PITCH,1,4,No,P
5/20/2025,1431,BORNE,2,3,No,B
5/21/2025,1432,ALARM,2,3,Yes,A
5/22/2025,1433,FOLIO,3,2,Yes,F
5/23/2025,1434,SHUCK,1,4,No,S
5/24/2025,1435,SUEDE,3,2,Yes,S
5/25/2025,1436,GRIFT,1,4,No,G
5/26/2025,1437,DRONE,2,3,No,D
5/27/2025,1438,SPORT,1,4,No,S
5/28/2025,1439,POLAR,2,3,No,P
5/29/2025,1440,QUASH,2,3,No,Q
5/30/2025,1441,IDIOM,3,2,Yes,I
5/31/2025,1442,HABIT,2,3,No,H
6/1/2025,1443,ROUGH,2,3,No,R
6/2/2025,1444,PREEN,2,3,Yes,P
6/3/2025,1445,ADMIN,2,3,No,A
6/4/2025,1446,CEASE,3,2,Yes,C
6/5/2025,1447,DATUM,2,3,No,D
6/6/2025,1448,EDIFY,2,3,No,E
6/7/2025,1449,REUSE,3,2,Yes,R
6/8/2025,1450,LEASE,3,2,Yes,L
6/9/2025,1451,BOARD,2,3,No,B
6/10/2025,1452,TAFFY,1,4,Yes,T
6/11/2025,1453,PLAID,2,3,No,P
6/12/2025,1454,VIXEN,2,3,No,V
6/13/2025,1455,BILGE,2,3,No,B
6/14/2025,1456,GHOST,1,4,No,G
6/15/2025,1457,QUAIL,3,2,No,Q
6/16/2025,1458,PETTY,1,4,Yes,P
6/17/2025,1459,PRANK,1,4,No,P
6/18/2025,1460,MUNCH,1,4,No,M
6/19/2025,1461,CURIO,3,2,No,C
6/20/2025,1462,TAUPE,3,2,No,T
6/21/2025,1463,GLADE,2,3,No,G
6/22/2025,1464,THRUM,1,4,No,T
6/23/2025,1465,ODDLY,1,4,Yes,O
6/24/2025,1466,ELITE,3,2,Yes,E
6/25/2025,1467,COMFY,1,4,No,C
6/26/2025,1468,OFFER,2,3,Yes,O
6/27/2025,1469,PLAIN,2,3,No,P
6/28/2025,1470,STUMP,1,4,No,S
6/29/2025,1471,WITTY,1,4,Yes,W
6/30/2025,1472,BLINK,1,4,No,B
7/1/2025,1473,MOLDY,1,4,No,M
7/2/2025,1474,INCUR,2,3,No,I
7/3/2025,1475,POPPY,1,4,Yes,P
7/4/2025,1476,CURVE,2,3,No,C
7/5/2025,1477,BALER,2,3,No,B
7/6/2025,1478,ATRIA,3,2,Yes,A
7/7/2025,1479,STILT,1,4,Yes,S
7/8/2025,1480,DREAD,2,3,Yes,D
7/9/2025,1481,NOVEL,2,3,No,N
7/10/2025,1482,JUMPY,1,4,No,J
7/11/2025,1483,BRAND,1,4,No,B
7/12/2025,1484,EXILE,3,2,Yes,E
7/13/2025,1485,GNOME,2,3,No,G
7/14/2025,1486,UNDID,2,3,Yes,U
7/15/2025,1487,FOIST,2,3,No,F
7/16/2025,1488,NERVY,1,4,No,N
7/17/2025,1489,MODAL,2,3,No,M
7/18/2025,1490,LORIS,2,3,No,L
7/19/2025,1491,SWORD,1,4,No,S
7/20/2025,1492,BLANK,1,4,No,B
7/21/2025,1493,TIZZY,1,4,Yes,T
7/22/2025,1494,BURNT,1,4,No,B
7/23/2025,1495,WATER,2,3,No,W
7/24/2025,1496,QUAKE,3,2,No,Q
7/25/2025,1497,GOFER,2,3,No,G
7/26/2025,1498,HAUNT,2,3,No,H
7/27/2025,1499,WHOLE,2,3,No,W
7/28/2025,1500,SAVVY,1,4,Yes,S
7/29/2025,1501,OMEGA,3,2,No,O
7/30/2025,1502,ASSAY,2,3,Yes,A
7/31/2025,1503,FRILL,1,4,Yes,F
8/1/2025,1504,BANJO,2,3,No,B
8/2/2025,1505,DAUNT,2,3,No,D
8/3/2025,1506,LUMPY,1,4,No,L
8/4/2025,1507,RIGID,2,3,Yes,R
8/5/2025,1508,STORK,1,4,No,S
8/6/2025,1509,GROAN,2,3,No,G
8/7/2025,1510,CORAL,2,3,No,C
8/8/2025,1511,IMBUE,3,2,No,I
8/9/2025,1512,NASAL,2,3,Yes,N
8/10/2025,1513,MINTY,1,4,No,M
8/11/2025,1514,SOUTH,2,3,No,S
8/12/2025,1515,NOMAD,2,3,No,N
8/13/2025,1516,KEFIR,2,3,No,K
8/14/2025,1517,KNELL,1,4,Yes,K
8/15/2025,1518,LEVEL,2,3,Yes,L
8/16/2025,1519,MATTE,2,3,Yes,M
8/17/2025,1520,LOUSY,2,3,No,L
8/18/2025,1521,ISSUE,3,2,Yes,I
8/19/2025,1522,ROWDY,1,4,No,R
8/20/2025,1523,LLAMA,2,3,Yes,L
8/21/2025,1524,EXTOL,2,3,No,E
8/22/2025,1525,RATTY,1,4,Yes,R
8/23/2025,1526,UNION,3,2,Yes,U
8/24/2025,1527,SPORE,2,3,No,S
8/25/2025,1528,MIRTH,1,4,No,M
8/26/2025,1529,ANNEX,2,3,Yes,A
8/27/2025,1530,TOWER,2,3,No,T
8/28/2025,1531,SPLIT,1,4,No,S
8/29/2025,1532,GRAFT,1,4,No,G
8/30/2025,1533,ELATE,3,2,Yes,E
8/31/2025,1534,PETAL,2,3,No,P
9/1/2025,1535,LEAST,2,3,No,L
9/2/2025,1536,MIGHT,1,4,No,M
9/3/2025,1537,FETCH,1,4,No,F
9/4/2025,1538,BLEND,1,4,No,B
9/5/2025,1539,DRIFT,1,4,No,D
9/6/2025,1540,BULGE,2,3,No,B
9/7/2025,1541,TENOR,2,3,No,T
9/8/2025,1542,CHIRP,1,4,No,C
9/9/2025,1543,TRICK,1,4,No,T
9/10/2025,1544,POUTY,2,3,No,P
9/11/2025,1545,CHAIR,2,3,No,C
9/12/2025,1546,THROB,1,4,No,T
9/13/2025,1547,NADIR,2,3,No,N
9/14/2025,1548,NOISY,2,3,No,N
9/15/2025,1549,ALONG,2,3,No,A
9/16/2025,1550,LEFTY,1,4,No,L
9/17/2025,1551,TEETH,2,3,Yes,T
9/18/2025,1552,KNIFE,2,3,No,K
9/19/2025,1553,LATER,2,3,No,L
9/20/2025,1554,DEFER,2,3,Yes,D
9/21/2025,1555,COVEN,2,3,No,C
9/22/2025,1556,QUILL,2,3,Yes,Q
9/23/2025,1557,MOUTH,2,3,No,M
9/24/2025,1558,BLUNT,1,4,No,B
9/25/2025,1559,DRAPE,2,3,No,D
9/26/2025,1560,DALLY,1,4,Yes,D
9/27/2025,1561,FRITZ,1,4,No,F
9/28/2025,1562,GOOEY,3,2,Yes,G
9/29/2025,1563,CIVIL,2,3,Yes,C
9/30/2025,1564,GEESE,3,2,Yes,G
10/1/2025,1565,SPOIL,2,3,No,S
10/2/2025,1566,WIDTH,1,4,No,W
10/3/2025,1567,SPASM,1,4,Yes,S
10/4/2025,1568,RELAY,2,3,No,R
10/5/2025,1569,PLANE,2,3,No,P
10/6/2025,1570,AMUSE,3,2,No,A
10/7/2025,1571,NYLON,1,4,Yes,N
10/8/2025,1572,ANNOY,2,3,Yes,A
10/9/2025,1573,HARDY,1,4,No,H
10/10/2025,1574,LEVER,2,3,Yes,L
10/11/2025,1575,STACK,1,4,No,S
10/12/2025,1576,WOUND,2,3,No,W
10/13/2025,1577,BEARD,2,3,No,B
10/14/2025,1578,FORUM,2,3,No,F
10/15/2025,1579,SPOOF,2,3,Yes,S
10/16/2025,1580,CATTY,1,4,Yes,C
10/17/2025,1581,GROSS,1,4,Yes,G
10/18/2025,1582,HAVEN,2,3,No,H
10/19/2025,1583,IDEAL,3,2,No,I
10/20/2025,1584,LIMBO,2,3,No,L
10/21/2025,1585,DETOX,2,3,No,D
10/22/2025,1586,STUNT,1,4,Yes,S
10/23/2025,1587,DRILL,1,4,Yes,D
10/24/2025,1588,TUBER,2,3,No,T
10/25/2025,1589,GAUGE,3,2,Yes,G
10/26/2025,1590,PLUMP,1,4,Yes,P
10/27/2025,1591,FETID,2,3,No,F
10/28/2025,1592,HOLLY,1,4,Yes,H
10/29/2025,1593,GLARE,2,3,No,G
10/30/2025,1594,LATHE,2,3,No,L
10/31/2025,1595,ABHOR,2,3,No,A
11/1/2025,1596,MOTEL,2,3,No,M
11/2/2025,1597,RABID,2,3,No,R
11/3/2025,1598,AWOKE,3,2,No,A
11/4/2025,1599,VENUE,3,2,Yes,V
11/5/2025,1600,SHORT,1,4,No,S
11/6/2025,1601,GUISE,3,2,No,G
11/7/2025,1602,PERIL,2,3,No,P
11/8/2025,1603,ARISE,3,2,No,A
11/9/2025,1604,FUGUE,3,2,Yes,F
11/10/2025,1605,TABBY,1,4,Yes,T
11/11/2025,1606,GIZMO,2,3,No,G
11/12/2025,1607,DEUCE,3,2,Yes,D
11/13/2025,1608,TINGE,2,3,No,T
11/14/2025,1609,LURID,2,3,No,L
11/15/2025,1610,CLUNG,1,4,No,C
11/16/2025,1611,WIELD,2,3,No,W
11/17/2025,1612,CLAMP,1,4,No,C
11/18/2025,1613,OPINE,3,2,No,O
11/19/2025,1614,MAKER,2,3,No,M
11/20/2025,1615,GRAVE,2,3,No,G
11/21/2025,1616,VOWEL,2,3,No,V
11/22/2025,1617,THICK,1,4,No,T
11/23/2025,1618,BUNNY,1,4,Yes,B
11/24/2025,1619,DOUGH,2,3,No,D
11/25/2025,1620,PLEAD,2,3,No,P
11/26/2025,1621,HOVEL,2,3,No,H
11/27/2025,1622,REMIT,2,3,No,R
11/28/2025,1623,COLIC,2,3,Yes,C
11/29/2025,1624,GRUFF,1,4,Yes,G
11/30/2025,1625,MUGGY,1,4,Yes,M
12/1/2025,1626,LEACH,2,3,No,L
12/2/2025,1627,CACTI,2,3,Yes,C
12/3/2025,1628,HASTE,2,3,No,H
12/4/2025,1629,TULIP,2,3,No,T
12/5/2025,1630,AMONG,2,3,No,A
12/6/2025,1631,WAIST,2,3,No,W
12/7/2025,1632,FLUTE,2,3,No,F
12/8/2025,1633,GRAVY,1,4,No,G
12/9/2025,1634,SNIDE,2,3,No,S
12/10/2025,1635,ERASE,3,2,Yes,E
12/11/2025,1636,GUESS,2,3,Yes,G
12/12/2025,1637,TRUCK,1,4,No,T
12/13/2025,1638,MISER,2,3,No,M
12/14/2025,1639,SWING,1,4,No,S
12/15/2025,1640,DODGY,1,4,Yes,D
12/16/2025,1641,SEGUE,3,2,Yes,S
12/17/2025,1642,GRASS,1,4,Yes,G
12/18/2025,1643,RUGBY,1,4,No,R
12/19/2025,1644,MYRRH,0,5,Yes,M
12/20/2025,1645,WHITE,2,3,No,W
12/21/2025,1646,QUILT,2,3,No,Q
12/22/2025,1647,CONCH,1,4,Yes,C
12/23/2025,1648,GLINT,1,4,No,G
12/24/2025,1649,SPOOL,2,3,Yes,S
12/25/2025,1650,PRISM,1,4,No,P
12/26/2025,1651,SPEED,2,3,Yes,S
12/27/2025,1652,BATCH,1,4,No,B
12/28/2025,1653,ABBOT,2,3,Yes,A
12/29/2025,1654,FRUIT,2,3,No,F
12/30/2025,1655,DECOR,2,3,No,D
12/31/2025,1656,SIREN,2,3,No,S
1/1/2026,1657,FABLE,2,3,No,F
1/2/2026,1658,PROOF,2,3,Yes,P
1/3/2026,1659,SITAR,2,3,No,S
1/4/2026,1660,POSSE,2,3,Yes,P
1/5/2026,1661,FILLY,1,4,Yes,F
1/6/2026,1662,OOMPH,2,3,Yes,O
1/7/2026,1663,PECAN,2,3,No,P
1/8/2026,1664,BLAST,1,4,No,B
1/9/2026,1665,EIGHT,2,3,No,E
1/10/2026,1666,MANIC,2,3,No,M
1/11/2026,1667,QUARK,2,3,No,Q
1/12/2026,1668,TRIAL,2,3,No,T
1/13/2026,1669,GUMBO,2,3,No,G
1/14/2026,1670,AVOID,3,2,No,A
1/15/2026,1671,CHASM,1,4,No,C
1/16/2026,1672,RACER,2,3,Yes,R
1/17/2026,1673,FIERY,2,3,No,F
1/18/2026,1674,SUMAC,2,3,No,S
1/19/2026,1675,WAXEN,2,3,No,W
1/20/2026,1676,SULLY,1,4,Yes,S
1/21/2026,1677,CUBIC,2,3,Yes,C
1/22/2026,1678,CLINK,1,4,No,C
1/23/2026,1679,BARON,2,3,No,B
1/24/2026,1680,CLIFF,1,4,Yes,C
1/25/2026,1681,STRUT,1,4,Yes,S
1/26/2026,1682,FREAK,2,3,No,F
1/27/2026,1683,DUSKY,1,4,No,D
1/28/2026,1684,CRUEL,2,3,No,C
1/29/2026,1685,FLAKY,1,4,No,F
1/30/2026,1686,JUMBO,2,3,No,J
1/31/2026,1687,ALLOT,2,3,Yes,A
2/1/2026,1688,SPINY,1,4,No,S
2/2/2026,1689,CIGAR,2,3,No,C
2/3/2026,1690,WEIGH,2,3,No,W
2/4/2026,1691,CHIDE,2,3,No,C
2/5/2026,1692,SWOOP,2,3,Yes,S
2/6/2026,1693,GAVEL,2,3,No,G
2/7/2026,1694,BLEAT,2,3,No,B
2/8/2026,1695,EMBED,2,3,Yes,E
2/9/2026,1696,CELLO,2,3,Yes,C
2/10/2026,1697,SCENE,2,3,Yes,S
2/11/2026,1698,VEGAN,2,3,No,V
2/12/2026,1699,SURGE,2,3,No,S
2/13/2026,1700,MOOCH,2,3,Yes,M
2/14/2026,1701,BLOOM,2,3,Yes,B
2/15/2026,1702,SKULL,1,4,Yes,S
2/16/2026,1703,ROOST,2,3,Yes,R
2/17/2026,1704,SQUAD,2,3,No,S
2/18/2026,1705,MOGUL,2,3,No,M
2/19/2026,1706,HOIST,2,3,No,H
2/20/2026,1707,STANK,1,4,No,S
2/21/2026,1708,AWAKE,3,2,Yes,A
2/22/2026,1709,GUAVA,3,2,Yes,G
2/23/2026,1710,ATTIC,2,3,Yes,A
2/24/2026,1711,BUYER,2,3,No,B
2/25/2026,1712,SHRED,1,4,No,S
2/26/2026,1713,LANCE,2,3,No,L
2/27/2026,1714,DIZZY,1,4,Yes,D
2/28/2026,1715,HYDRA,1,4,No,H
3/1/2026,1716,FLUKE,2,3,No,F
3/2/2026,1717,SLIME,2,3,No,S
3/3/2026,1718,LINEN,2,3,Yes,L
3/4/2026,1719,THEFT,1,4,Yes,T
3/5/2026,1720,SHEEP,2,3,Yes,S
3/6/2026,1721,GUNKY,1,4,No,G
3/7/2026,1722,VOGUE,3,2,No,V
3/8/2026,1723,LOBBY,1,4,Yes,L
3/9/2026,1724,HASTY,1,4,No,H
3/10/2026,1725,SHOAL,2,3,No,S
3/11/2026,1726,TEDDY,1,4,Yes,T
3/12/2026,1727,SMELL,1,4,Yes,S
3/13/2026,1728,EATEN,3,2,Yes,E
3/14/2026,1729,ANKLE,2,3,No,A
3/15/2026,1730,GRADE,2,3,No,G
3/16/2026,1731,DRAMA,2,3,Yes,D
3/17/2026,1732,CLASP,1,4,No,C
3/18/2026,1733,AMPLY,1,4,No,A
3/19/2026,1734,REHAB,2,3,No,R
3/20/2026,1735,OASIS,3,2,Yes,O
3/21/2026,1736,SLICK,1,4,No,S
3/22/2026,1737,BASIL,2,3,No,B
3/23/2026,1738,SERIF,2,3,No,S
3/24/2026,1739,BROOD,2,3,Yes,B
3/25/2026,1740,WISER,2,3,No,W
3/26/2026,1741,BEFIT,2,3,No,B
3/27/2026,1742,IVORY,2,3,No,I
3/28/2026,1743,AFOOT,3,2,Yes,A
3/29/2026,1744,CHUMP,1,4,No,C
3/30/2026,1745,COMET,2,3,No,C
3/31/2026,1746,SWAMP,1,4,No,S
4/1/2026,1747,FIZZY,1,4,Yes,F
4/2/2026,1748,SOBER,2,3,No,S
4/3/2026,1749,SINGE,2,3,No,S
4/4/2026,1750,SANDY,1,4,No,S
4/5/2026,1751,ENVOY,2,3,No,E
4/6/2026,1752,SWORN,1,4,No,S
4/7/2026,1753,DENSE,2,3,Yes,D
4/8/2026,1754,INLET,2,3,No,I
4/9/2026,1755,LADEN,2,3,No,L
4/10/2026,1756,CAROM,2,3,No,C
4/11/2026,1757,PRUDE,2,3,No,P
4/12/2026,1758,ALLEY,2,3,Yes,A
4/13/2026,1759,ELFIN,2,3,No,E
4/14/2026,1760,CYCLE,1,4,Yes,C
4/15/2026,1761,BEGUN,2,3,No,B
4/16/2026,1762,CUBIT,2,3,No,C
4/17/2026,1763,BELLE,2,3,Yes,B
4/18/2026,1764,TOADY,2,3,No,T
4/19/2026,1765,STAND,1,4,No,S
4/20/2026,1766,WEAVE,3,2,Yes,W
4/21/2026,1767,CLUMP,1,4,No,C
4/22/2026,1768,SNORE,2,3,No,S
4/23/2026,1769,TWEET,2,3,Yes,T
4/24/2026,1770,DRUNK,1,4,No,D
4/25/2026,1771,WOMEN,2,3,No,W
4/26/2026,1772,GLOSS,1,4,Yes,G
4/27/2026,1773,EERIE,4,1,Yes,E
4/28/2026,1774,QUACK,2,3,No,Q
4/29/2026,1775,RURAL,2,3,Yes,R
4/30/2026,1776,CROCK,1,4,Yes,C
5/1/2026,1777,PLUME,2,3,No,P
5/2/2026,1778,BRING,1,4,No,B
5/3/2026,1779,PUFFY,1,4,Yes,P
5/4/2026,1780,RISER,2,3,Yes,R
